AuthorNumber;AuthorID;NArticles;NReachedH;TF;TDMean;TYMean;TCMean;TIMean;xMean;yMean
1;R_1CyzoGr8deBYFQf;1;1;1,0;2,0;8,0;0,5;;;
2;R_1EgLtX4FPdztzIr;1;1;1,0;1,0;3,0;1,0;;;
3;R_1KRh4hJD9WSrsC9;1;1;1,0;1,0;0,0;1,0;1,0;0,8660254037844386;-0,5
4;R_1Ks4wyJRSBZS361;1;1;1,0;1,0;1,0;1,0;1,0;0,8660254037844386;-0,5
5;R_1LT0nn1E8TdU3Dy;1;1;1,0;1,0;1,0;1,0;1,0;0,8660254037844386;-0,5
6;R_1LjPfMwLOxgmMmo;1;1;1,0;1,0;3,0;1,0;;;
7;R_1PcKy6BiB7ZxI6g;3;3;1,0;1,0;0,3333333333333333;1,0;1,0;0,8660254037844387;-0,5
8;R_1PdA9MQ7EvCxCNM;1;1;1,0;1,0;3,0;1,0;0,25;0,0;-0,5
9;R_1QLC8QNjb1ovdKy;1;1;1,0;1,0;1,0;1,0;0,25;0,0;-0,5
10;R_1dMlJiNA4dMOvG5;1;1;1,0;1,0;2,0;1,0;;;
11;R_1dbQAzNiqKELdSa;2;2;1,0;1,0;0,0;1,0;1,0;0,8660254037844386;-0,5
12;R_1gADk8ssxz07txF;1;1;1,0;1,0;1,0;1,0;0,25;0,4330127018922193;0,25
13;R_1jImwD3GXrpfYrE;1;1;1,0;1,0;1,0;1,0;-0,5;-0,8660254037844386;-0,5
14;R_1pROXWiMeJqeeFS;3;3;1,0;1,0;3,3333333333333335;1,0;-0,25;-0,21650635094610965;0,125
15;R_1rv3uXELh2JgBjs;1;1;1,0;1,0;1,0;1,0;0,25;0,4330127018922193;0,25
16;R_21A1xy3xHCP530Y;1;1;1,0;1,0;5,0;1,0;0,25;0,0;-0,5
17;R_21AqWeoTDeYCaGp;1;1;1,0;1,0;3,0;1,0;1,0;0,8660254037844386;-0,5
18;R_242kz23UYqDQHmm;1;1;1,0;2,0;3,0;0,5;-0,5;-0,4330127018922193;0,25
19;R_24w3cMwGL6BPAYo;1;1;1,0;1,0;1,0;1,0;0,25;0,4330127018922193;0,25
20;R_29oI8L5RwlgHjte;1;1;1,0;1,0;5,0;1,0;-0,5;-0,4330127018922193;0,25
21;R_2Beu9kcftbqIbNC;2;2;1,0;1,0;0,5;1,0;0,625;0,4330127018922193;-0,5
22;R_2E02cgEDo6RDsOW;1;1;1,0;1,0;1,0;1,0;;;
23;R_2E9JfezahHLaSzD;1;1;1,0;1,0;4,0;1,0;1,0;0,8660254037844386;-0,5
24;R_2P8aL7JdUlooXb5;1;1;1,0;2,0;3,0;0,5;0,0;0,0;0,0
25;R_2PgHHBXzKQJU5gq;1;1;1,0;1,0;0,0;1,0;0,0;0,0;0,0
26;R_2TNxHa7BvD94Dl3;2;2;1,0;1,0;3,0;1,0;0,25;0,0;-0,5
27;R_2TYuFwataEFCCQ6;2;2;1,0;1,0;2,5;1,0;0,125;0,21650635094610965;0,125
28;R_2U4949NtIn0aKKE;1;1;1,0;2,0;3,0;0,5;0,0;0,0;0,0
29;R_2V7N9VxU5DbyyiK;1;1;1,0;1,0;1,0;1,0;0,0;0,0;0,0
30;R_2YsoiE32J6WoxU1;2;2;1,0;1,0;2,5;1,0;-0,25;-0,21650635094610965;0,125
31;R_2aLUnrZ1SKUjPFv;1;1;1,0;1,0;1,0;1,0;0,25;0,4330127018922193;0,25
32;R_2c7pJwAlmMI37Zc;1;1;1,0;1,0;1,0;1,0;1,0;0,8660254037844386;-0,5
33;R_2z5VgVMRgaQ3A2p;1;1;1,0;1,0;1,0;1,0;1,0;0,8660254037844386;-0,5
34;R_2zeX8pzuhnqQz50;1;1;1,0;1,0;1,0;1,0;1,0;0,8660254037844386;-0,5
35;R_306qXbX9GFayZNG;1;1;1,0;1,0;3,0;1,0;1,0;0,8660254037844386;-0,5
36;R_31oVGLEX40l6u3v;2;2;1,0;1,0;3,0;1,0;-0,25;-0,21650635094610965;0,125
37;R_3HBOUHtkbqMUKBM;1;1;1,0;1,0;1,0;1,0;;;
38;R_3HSpxbm7gUZnV7t;1;1;1,0;1,0;9,0;1,0;-0,5;-0,8660254037844386;-0,5
39;R_3HztxEZK5AOhfD3;1;1;1,0;1,0;1,0;1,0;1,0;0,8660254037844386;-0,5
40;R_3NOoDVezb6Sprqg;1;1;1,0;1,0;1,0;1,0;;;
41;R_3NPzZTMoajd5wVt;1;1;1,0;1,0;3,0;1,0;1,0;0,8660254037844386;-0,5
42;R_3RgYgsidGN4joPq;1;1;1,0;1,0;2,0;1,0;1,0;0,8660254037844386;-0,5
43;R_3RwqY82BRoNv5h8;1;1;1,0;1,0;6,0;1,0;1,0;0,8660254037844386;-0,5
44;R_3e4be1lSrsDjQsM;1;1;1,0;1,0;1,0;1,0;1,0;0,8660254037844386;-0,5
45;R_3iRwPKA90URv178;1;1;1,0;1,0;1,0;1,0;0,25;0,0;-0,5
46;R_3jTE1vOo46OEwxF;1;1;1,0;1,0;3,0;1,0;;;
47;R_3jxLveddhWvzFux;1;1;1,0;2,0;12,0;0,5;0,0;0,0;0,0
48;R_3koFtnDTxO190Up;1;1;1,0;1,0;1,0;1,0;1,0;0,8660254037844386;-0,5
49;R_3kp7BmouRxNKyFK;1;1;1,0;1,0;5,0;1,0;0,25;0,4330127018922193;0,25
50;R_3m7AsyBBGW1sdbq;1;1;1,0;1,0;2,0;1,0;0,0;0,0;0,0
51;R_3oFLquJRAGGbgYB;2;2;1,0;1,0;1,5;1,0;0,625;0,4330127018922193;-0,5
52;R_3oO7H0ZdAvZxKqW;4;4;1,0;1,0;0,75;1,0;0,5625;0,4330127018922193;-0,375
53;R_3pope1H7LqvZ2CN;3;3;1,0;1,0;1,3333333333333333;1,0;0,4166666666666667;0,43301270189221935;-0,08333333333333333
54;R_3ptIStwz66ucN81;1;1;1,0;1,0;1,0;1,0;0,25;0,4330127018922193;0,25
55;R_3r1i0cDwDSeiv1o;1;1;1,0;1,0;9,0;1,0;-0,5;-0,8660254037844386;-0,5
56;R_3sB8NsMfvYKRw5p;1;1;1,0;1,0;4,0;1,0;0,25;0,4330127018922193;0,25
57;R_3szzl5qdO4IygeB;1;1;1,0;1,0;1,0;1,0;0,0;0,0;0,0
58;R_6fMn6sgH6HzEbf3;1;1;1,0;1,0;1,0;1,0;0,25;0,0;-0,5
59;R_7UMuEjO5LIwVyIV;1;1;1,0;2,0;3,0;0,5;-0,5;0,0;1,0
60;R_7VEPRsIzKOq01wZ;1;1;1,0;1,0;1,0;1,0;1,0;0,8660254037844386;-0,5
61;R_7ZDrzI8AulpsGix;1;0;0,0;inf;inf;0,0;;;
62;R_AA8tabbKU8tdU0p;1;1;1,0;2,0;2,0;0,5;0,0;0,0;0,0
63;R_OdNaULRcFgRGv6N;1;1;1,0;1,0;4,0;1,0;0,25;0,4330127018922193;0,25
64;R_OjppIgqjEbuNlHH;1;1;1,0;1,0;1,0;1,0;0,25;0,4330127018922193;0,25
65;R_R8kOskzIrpYDbJD;1;1;1,0;1,0;2,0;1,0;1,0;0,8660254037844386;-0,5
66;R_SJinKD4TGqvoXex;1;1;1,0;1,0;1,0;1,0;0,25;0,4330127018922193;0,25
67;R_UEelXkoGa4Vcvjr;2;2;1,0;1,0;0,5;1,0;0,125;0,0;-0,25
68;R_WCdTdC6s4PolPxv;1;1;1,0;1,0;1,0;1,0;0,25;0,0;-0,5
69;R_WxPUJdOinQ1FQeB;2;2;1,0;1,0;2,5;1,0;0,125;0,21650635094610965;0,125
70;R_ZIYWrzvNlXtNrSV;1;1;1,0;1,0;5,0;1,0;;;
71;R_bC3CE8Fc9VkZ53r;1;1;1,0;1,0;1,0;1,0;;;
72;R_bCNoOc4heErkMiR;1;1;1,0;2,0;2,0;0,5;0,0;0,0;0,0
73;R_cIUihlhLoQyk1k5;2;2;1,0;1,0;1,0;1,0;0,625;0,649519052838329;-0,125
74;R_dmsfHMN8HPgd79v;1;1;1,0;1,0;2,0;1,0;0,25;0,4330127018922193;0,25
75;R_pizlxhr6zDEFfkR;1;1;1,0;1,0;2,0;1,0;0,0;0,0;0,0
76;R_pxyP5Wleq8sOnKN;1;1;1,0;1,0;1,0;1,0;0,25;0,0;-0,5
77;R_scmttKhnvJjJcnT;1;1;1,0;1,0;0,0;1,0;0,25;0,0;-0,5
78;R_vMmBstfCX3m56nv;1;1;1,0;1,0;0,0;1,0;0,0;0,0;0,0
79;R_wRipgHE7S3haP97;2;2;1,0;1,0;2,5;1,0;0,125;0,21650635094610965;0,125
80;R_xFyNPo3wxOaZIB3;1;1;1,0;2,0;12,0;0,5;0,0;0,0;0,0
